{"name":"Markit","short_name":"Markit","description":"Your app description here","start_url":"/","display":"standalone","background_color":"#ffffff","theme_color":"#3367D6","id":"/?source=pwa","icons":[{"src":"/icons/icon-192.png","sizes":"192x192","type":"image/png","purpose":"any"},{"src":"/icons/icon-512.png","sizes":"512x512","type":"image/png","purpose":"any"}],"screenshots":[{"src":"/screenshots/bill-wide.png","sizes":"1280x579","type":"image/png","form_factor":"wide"},{"src":"/screenshots/bill-mobile.png","sizes":"375x649","type":"image/png","form_factor":"narrow"}]}